category,n,in_reference_corpus,recall_full_corpus,loco_fused,loco_fused_lo,loco_fused_hi,loco_wording,loco_wording_lo,loco_wording_hi
FASTag or toll balance,38,False,0.5789473684210527,0.5789473684210527,0.42105263157894735,0.7368421052631579,nan,nan,nan
KYC or ID update expiry,40,False,0.6,0.6,0.45,0.75,nan,nan,nan
QR code scam,39,False,0.3076923076923077,0.3076923076923077,0.1794871794871795,0.46153846153846156,nan,nan,nan
UPI collect or accidental refund,24,False,0.08333333333333333,0.08333333333333333,0.0,0.20833333333333334,nan,nan,nan
bank safe-account scam,45,True,1.0,0.8888888888888888,0.8,0.9777777777777777,0.26666666666666666,0.13333333333333333,0.4
blackmail or sextortion,19,True,1.0,0.8421052631578947,0.631578947368421,1.0,0.5789473684210527,0.3684210526315789,0.7894736842105263
crypto airdrop or wallet drainer,35,False,0.6571428571428571,0.6571428571428571,0.4857142857142857,0.8,nan,nan,nan
deepfake CEO video call,18,False,0.7777777777777778,0.7777777777777778,0.5555555555555556,0.9444444444444444,nan,nan,nan
digital arrest,39,False,0.5897435897435898,0.5897435897435898,0.4358974358974359,0.7435897435897436,nan,nan,nan
e-challan or traffic fine,40,False,0.475,0.475,0.325,0.625,nan,nan,nan
electricity disconnection,22,False,0.5,0.5,0.2727272727272727,0.7272727272727273,nan,nan,nan
fake CAPTCHA or paste-command,34,False,0.38235294117647056,0.38235294117647056,0.23529411764705882,0.5588235294117647,nan,nan,nan
fake customer-care helpline,24,False,0.4583333333333333,0.4583333333333333,0.25,0.625,nan,nan,nan
family emergency or new-number scam,44,True,0.9772727272727273,0.22727272727272727,0.11363636363636363,0.3409090909090909,0.13636363636363635,0.045454545454545456,0.25
gift-card request from a boss or colleague,25,True,1.0,0.72,0.52,0.88,0.24,0.08,0.4
instant-loan app harassment,40,False,0.625,0.625,0.475,0.775,nan,nan,nan
investment or crypto scam,25,True,0.88,0.32,0.16,0.52,0.32,0.16,0.4809999999999991
invoice or bank-details change,24,True,0.7916666666666666,0.3333333333333333,0.16666666666666666,0.5416666666666666,0.20833333333333334,0.041666666666666664,0.375
job or advance-fee scam,23,True,1.0,0.782608695652174,0.6086956521739131,0.9565217391304348,0.6956521739130435,0.5217391304347826,0.8695652173913043
one-time code or password request,39,True,0.7948717948717948,0.6410256410256411,0.48717948717948717,0.7948717948717948,0.10256410256410256,0.02564102564102564,0.20512820512820512
parcel or delivery fee,25,True,1.0,0.56,0.36,0.76,0.44,0.24,0.64
prize or lottery fee,38,True,1.0,0.9473684210526315,0.868421052631579,1.0,0.6842105263157895,0.5263157894736842,0.8157894736842105
rental or booking deposit,25,False,0.48,0.48,0.28,0.68,nan,nan,nan
romance scam money request,23,True,0.8260869565217391,0.4782608695652174,0.2608695652173913,0.6956521739130435,0.5217391304347826,0.30434782608695654,0.7391304347826086
social-media verify or copyright strike,24,False,0.625,0.625,0.4166666666666667,0.8333333333333334,nan,nan,nan
student scholarship or exam scam,40,False,0.7,0.7,0.575,0.85,nan,nan,nan
task or like-and-earn scam,25,False,0.68,0.68,0.48,0.84,nan,nan,nan
tax or government threat,34,True,0.8235294117647058,0.7352941176470589,0.5882352941176471,0.8823529411764706,0.4411764705882353,0.2647058823529412,0.5882352941176471
tech support remote-access scam,23,True,0.9565217391304348,0.5217391304347826,0.34782608695652173,0.7391304347826086,0.5652173913043478,0.34782608695652173,0.782608695652174
