category,n,novelty,caution,caution_lo,caution_hi,high,high_lo,high_hi
FASTag or toll balance,38,unseen,0.5789473684210527,0.42105263157894735,0.7368421052631579,0.0,0.0,0.0
KYC or ID update expiry,40,unseen,0.6,0.45,0.75,0.0,0.0,0.0
QR code scam,39,unseen,0.3076923076923077,0.15384615384615385,0.46153846153846156,0.0,0.0,0.0
UPI collect or accidental refund,24,unseen,0.08333333333333333,0.0,0.20833333333333334,0.0,0.0,0.0
bank safe-account scam,45,seen,1.0,1.0,1.0,0.8888888888888888,0.7777777777777778,0.9777777777777777
blackmail or sextortion,19,seen,1.0,1.0,1.0,0.21052631578947367,0.05263157894736842,0.42105263157894735
crypto airdrop or wallet drainer,35,unseen,0.6571428571428571,0.4857142857142857,0.8,0.0,0.0,0.0
deepfake CEO video call,18,unseen,0.7777777777777778,0.5555555555555556,0.9444444444444444,0.0,0.0,0.0
digital arrest,39,unseen,0.5897435897435898,0.4358974358974359,0.7435897435897436,0.28205128205128205,0.1282051282051282,0.4358974358974359
e-challan or traffic fine,40,unseen,0.475,0.325,0.625,0.1,0.025,0.2
electricity disconnection,22,unseen,0.5,0.2727272727272727,0.7272727272727273,0.18181818181818182,0.045454545454545456,0.36363636363636365
fake CAPTCHA or paste-command,34,unseen,0.38235294117647056,0.23529411764705882,0.5588235294117647,0.0,0.0,0.0
fake customer-care helpline,24,unseen,0.4583333333333333,0.2916666666666667,0.6666666666666666,0.125,0.0,0.25
family emergency or new-number scam,44,seen,0.9772727272727273,0.9318181818181818,1.0,0.09090909090909091,0.022727272727272728,0.18181818181818182
gift-card request from a boss or colleague,25,seen,1.0,1.0,1.0,0.52,0.32,0.72
instant-loan app harassment,40,unseen,0.625,0.475,0.775,0.225,0.1,0.35
investment or crypto scam,25,seen,0.88,0.76,1.0,0.2,0.04,0.36
invoice or bank-details change,24,seen,0.7916666666666666,0.625,0.9583333333333334,0.20833333333333334,0.08333333333333333,0.375
job or advance-fee scam,23,seen,1.0,1.0,1.0,0.5217391304347826,0.30434782608695654,0.7391304347826086
one-time code or password request,39,seen,0.7948717948717948,0.6666666666666666,0.9230769230769231,0.5897435897435898,0.4358974358974359,0.7435897435897436
parcel or delivery fee,25,seen,1.0,1.0,1.0,0.2,0.04,0.36
prize or lottery fee,38,seen,1.0,1.0,1.0,0.6842105263157895,0.5263157894736842,0.8157894736842105
rental or booking deposit,25,unseen,0.48,0.28,0.68,0.0,0.0,0.0
romance scam money request,23,seen,0.8260869565217391,0.6521739130434783,0.9565217391304348,0.13043478260869565,0.0,0.2608695652173913
social-media verify or copyright strike,24,unseen,0.625,0.4166666666666667,0.7916666666666666,0.375,0.20833333333333334,0.5833333333333334
student scholarship or exam scam,40,unseen,0.7,0.55,0.85,0.15,0.05,0.275
task or like-and-earn scam,25,unseen,0.68,0.48,0.8409999999999991,0.0,0.0,0.0
tax or government threat,34,seen,0.8235294117647058,0.7058823529411765,0.9411764705882353,0.5,0.3235294117647059,0.6764705882352942
tech support remote-access scam,23,seen,0.9565217391304348,0.8695652173913043,1.0,0.0,0.0,0.0
