category,n,unseen_in_evaluation,current_left_out,grown_left_out,grown_lo,grown_hi
FASTag or toll balance,15,True,0.6,1.0,1.0,1.0
KYC or ID update expiry,15,True,0.4,0.9333333333333333,0.8,1.0
QR code scam,13,True,0.38461538461538464,0.5384615384615384,0.3076923076923077,0.8461538461538461
UPI collect or accidental refund,30,True,0.36666666666666664,0.8666666666666667,0.7333333333333333,0.9666666666666667
bank safe-account scam,15,False,0.6,0.9333333333333333,0.8,1.0
blackmail or sextortion,10,False,1.0,1.0,1.0,1.0
crypto airdrop or wallet drainer,9,True,0.8888888888888888,1.0,1.0,1.0
deepfake CEO video call,9,True,0.8888888888888888,1.0,1.0,1.0
digital arrest,15,True,0.6666666666666666,0.9333333333333333,0.8,1.0
e-challan or traffic fine,15,True,0.9333333333333333,1.0,1.0,1.0
electricity disconnection,15,True,0.3333333333333333,0.7333333333333333,0.4666666666666667,0.9333333333333333
fake CAPTCHA or paste-command,10,True,0.5,0.7,0.4,1.0
fake customer-care helpline,15,True,0.7333333333333333,0.7333333333333333,0.4666666666666667,0.9333333333333333
family emergency or new-number scam,13,False,0.5384615384615384,0.6153846153846154,0.3076923076923077,0.8461538461538461
gift-card request from a boss or colleague,13,False,0.23076923076923078,0.23076923076923078,0.0,0.46153846153846156
instant-loan app harassment,15,True,0.8666666666666667,0.8666666666666667,0.6666666666666666,1.0
investment or crypto scam,15,False,0.8,0.6666666666666666,0.4,0.8666666666666667
invoice or bank-details change,30,False,0.36666666666666664,0.7,0.5333333333333333,0.8666666666666667
job or advance-fee scam,14,False,0.14285714285714285,0.5,0.21428571428571427,0.7857142857142857
one-time code or password request,13,False,0.6153846153846154,0.8461538461538461,0.6153846153846154,1.0
parcel or delivery fee,15,False,0.3333333333333333,0.5333333333333333,0.3333333333333333,0.8
prize or lottery fee,15,False,0.26666666666666666,0.7333333333333333,0.5333333333333333,0.9333333333333333
rental or booking deposit,15,True,0.2,0.6,0.3333333333333333,0.8666666666666667
romance scam money request,14,False,0.42857142857142855,1.0,1.0,1.0
social-media verify or copyright strike,13,True,0.23076923076923078,0.8461538461538461,0.6153846153846154,1.0
student scholarship or exam scam,15,True,1.0,1.0,1.0,1.0
task or like-and-earn scam,28,True,0.35714285714285715,0.6785714285714286,0.5,0.8223214285714278
tax or government threat,10,False,1.0,1.0,1.0,1.0
tech support remote-access scam,28,False,0.7857142857142857,0.75,0.5714285714285714,0.8928571428571429
