field,value,label,n,flagged_by_classifier_alone
evasion_type,casual_lowercase,legit,107,0.09345794392523364
evasion_type,emoji_padding,legit,126,0.14285714285714285
evasion_type,emoji_padding,scam,29,0.8620689655172413
evasion_type,leetspeak,scam,29,0.6896551724137931
evasion_type,none,legit,1265,0.09644268774703557
evasion_type,none,scam,306,0.7483660130718954
evasion_type,obfuscated_link,scam,31,0.7419354838709677
evasion_type,spacing,scam,36,0.7777777777777778
evasion_type,split_phrasing,scam,21,0.7619047619047619
length,long (30+),scam,41,0.6585365853658537
length,medium (15-29),legit,598,0.07525083612040134
length,medium (15-29),scam,353,0.7507082152974505
length,short (<15 words),legit,900,0.11666666666666667
length,short (<15 words),scam,58,0.8448275862068966
language,en,legit,1397,0.10594130279169649
language,en,scam,372,0.7365591397849462
language,hinglish,legit,63,0.031746031746031744
language,hinglish,scam,56,0.9107142857142857
language,manglish,legit,38,0.0
language,manglish,scam,24,0.6666666666666666
