duration_sec,hour_of_day,amount_ratio,contact_freq_24h,urgency_score,new_channel_flag
121.91386997143269,17,0.9843329396400157,1,0,0
63.16587420221925,14,0.8796568681948178,0,0,0
26.55576382979115,6,0.8697416204871219,0,0,0
22.644421684564655,15,1.0638091638731235,3,1,0
150.12323827204358,13,0.8454279324749948,0,0,0
166.04089236443548,16,1.0969364058572562,1,0,0
117.06172412274879,13,0.7713777454532063,1,1,0
136.71944975743975,16,0.9167525354924974,0,1,0
106.97999863446766,23,1.005445903355462,0,0,0
169.6115878060429,11,0.8121772084833077,0,0,0
150.53656865944515,9,1.0978016295289887,1,0,0
20.438160027223695,11,0.9972191780035746,0,2,0
157.1846842540111,16,0.8445889477615687,0,0,0
25.373692048874297,12,0.7721667655374407,2,1,0
136.74487142879104,14,0.7651615942941039,1,1,0
48.10489929640944,9,1.0076550917695493,1,0,1
158.10862757598184,15,0.8264754839400199,0,0,0
106.63379523985468,10,0.7952680598901323,1,1,0
67.95390248598156,9,0.9653161096761684,0,0,0
87.62995539162534,17,1.3416250787279551,0,0,0
24.531147383274075,13,1.0416310541850187,2,2,0
39.88532423993023,13,1.1144378250250901,1,2,0
127.29990635098085,17,1.0319077519402957,0,0,0
123.55032185188001,8,1.117447324916288,1,0,0
118.46161783700062,15,0.798536702430257,1,0,0
81.38840868190135,11,0.9354232044711123,1,0,0
179.55358972627377,9,1.0392026268415058,1,1,0
176.9336542041968,15,0.9973124775917541,1,0,0
129.68671751691116,11,0.9712010169831863,1,0,0
124.07348420285061,11,0.9001185880385595,0,0,0
130.1514768913504,19,0.9612425345943695,0,1,0
82.2274278366566,9,0.8838703264163003,2,0,0
41.6154408035858,13,0.6367250477710329,1,1,0
135.43813443105307,5,0.820823733744162,1,1,0
104.05669159611614,9,1.071347940831166,1,2,0
69.6387000894329,17,1.233561693350744,3,0,0
97.73365741308625,16,1.2720370256985531,0,0,0
162.31805349584005,13,1.0145127615533063,1,0,0
169.44696255299993,10,1.1340075435166201,1,0,0
77.24723147345124,13,1.1361966866066084,2,0,0
111.44477291676175,2,0.8961611224197887,0,0,0
71.49910257215075,15,0.7453090254309094,3,1,0
115.08800483195148,15,1.0046330979032219,0,0,0
74.06579608114131,14,0.7356698504139192,1,0,0
82.65904008450579,14,0.9520105580567759,0,1,0
162.44389632076678,8,1.0912175630184053,2,0,1
56.34521496534076,10,0.7869895767849997,0,1,0
119.70994314976679,14,1.0048443075897455,1,1,0
33.44245497318157,11,1.1860027172963599,2,0,0
153.22306362454364,22,1.0542268711031446,0,0,0
145.93572919818934,18,1.078348255112452,0,1,0
58.29911087887234,9,1.1360110620725117,0,0,0
160.2374769297126,14,1.259944460819677,0,0,0
29.370885568831095,15,1.022713462258478,1,0,0
73.77872968730566,9,1.1844251292149688,0,2,0
44.04471470317425,11,0.9903746175493864,2,0,0
92.05429866388592,15,0.9180746776849774,0,1,1
147.4118832459671,18,1.0472231454426348,0,0,0
56.90275343899959,11,0.9091280728012494,0,0,1
28.323408170305537,10,0.9140306176350151,0,0,0
84.72829437144452,16,0.908838905433663,0,0,0
51.76208712148085,14,0.655686370670025,1,0,0
34.5204872990595,12,1.0158249216490896,0,1,0
112.85318175789611,10,0.8104246962106798,1,1,0
67.79138125102762,8,0.9839096318997584,0,1,0
127.5191804730175,4,1.217495317072724,3,0,0
51.922471034914125,14,0.9218499515339065,0,1,1
170.73809768103965,9,0.9186986262328785,1,1,0
78.41762691917256,21,1.2045864076752695,0,0,0
36.879244731236724,8,1.0819458648196447,0,1,0
120.65730424635348,12,1.1464790646028964,0,0,0
168.34472849085878,11,0.946706314901951,1,0,0
90.46034475452544,10,1.1122124819306392,1,0,0
172.73447899051797,15,0.8970747116264797,1,0,0
99.98333019002352,14,0.8985997411567151,0,0,1
88.03657997585208,15,1.08943664173076,0,1,0
119.23415232246045,8,0.9102440243090913,0,1,0
179.21544083765187,11,1.115067781486593,1,0,0
171.83098799004244,13,1.3587526803143948,0,1,0
93.60722228945536,12,0.7470771194579071,0,0,0
141.23661524932663,6,0.8871693435818132,0,0,0
99.58763127801903,9,1.1680219272764012,0,0,0
104.68994563148327,19,0.9782382745760164,0,0,0
145.72571211420922,9,1.1741634774688858,1,1,0
86.34493589690733,17,0.8484903590300639,1,2,0
137.51737148619668,16,1.0497016266711956,0,1,0
133.78286047835996,11,0.9774165523265733,0,0,0
169.1295498581405,12,1.0210556084310014,1,0,0
38.38922132494483,16,1.0496674028583044,0,0,0
136.6424187322095,15,0.8169990456016065,1,0,0
168.3878285799296,17,0.8388793771961058,1,0,0
174.86819038794343,16,1.2098866010343134,1,0,0
22.353008794459086,15,1.0439820567371434,1,0,0
158.18241443929213,18,1.0159519499428942,0,0,0
176.9912064106151,16,0.993388791607967,1,0,0
173.15362873775416,9,1.0534813748059175,3,1,0
43.80224195719967,15,0.8266094890891831,1,0,0
175.62061021167278,8,0.8501459002156901,0,1,0
162.3896889152833,12,1.195676237080965,2,1,0
151.57981240689128,12,1.0226912832770745,2,0,0
96.79806780925315,9,1.127545131048105,0,0,0
57.179667142288615,18,0.909150398961809,0,1,0
148.30089259492925,8,1.2065088070538958,2,0,0
167.76482556535512,0,1.051791760797928,0,2,0
62.580843566766816,11,1.0721868728875128,1,0,0
106.2295052195499,22,1.082309400657367,0,2,0
90.84045263592503,10,0.8804486140941805,0,0,0
168.9627705569848,16,0.7201418704899909,1,1,0
26.48171379014954,9,0.8387795999372347,1,0,0
137.12099130504973,14,1.2445784286079542,1,1,0
118.29971951183947,19,1.195102595548073,1,0,0
24.53845841816337,15,0.9479617948033044,0,0,0
135.07516365227843,21,0.9547485509445782,0,2,0
22.558676723771516,14,1.155490881585378,1,1,0
141.2721603770285,21,0.9747385190869621,1,1,0
102.04139572193249,17,0.8051110194803832,1,0,0
168.656675327521,16,1.189831463889424,0,0,0
30.573199475851958,17,1.0715767866870898,1,0,0
154.61076473798133,14,0.6225490427494673,0,1,0
30.670401402736225,11,0.9530214841705184,1,0,0
75.08959660866003,13,1.0215505304926509,0,0,0
88.84779711165334,10,1.0721870240588183,1,0,0
174.56993292545124,16,1.0228226783967453,2,0,0
109.95709475655312,9,0.9046387304134563,0,0,0
61.41833490734916,14,0.982636143395502,0,0,0
58.66811425509519,13,1.04422004769154,1,0,0
162.09893130546877,15,0.9597993871578975,1,0,0
56.1391085467719,16,0.9442148920440689,1,0,1
39.928752933645356,8,1.1878125907997226,2,0,0
66.13292112121242,14,0.8580088472096121,1,0,0
113.77969037003724,12,0.9475804793335132,0,0,0
108.65448034772285,14,0.6953096480426366,1,1,0
149.55372414604443,15,1.0811454945177117,3,0,0
109.67615232098973,14,1.1242396689770329,0,0,1
66.14739430899368,15,1.0822730248894876,1,0,0
86.06341482894283,13,1.1376508731191843,2,0,0
150.89935535534568,12,1.0661060117145342,0,0,0
120.24103398716056,10,1.0513773086430118,3,0,1
173.45242283159075,10,1.0710920600482021,1,0,0
79.10470577466894,15,0.9599037352070084,0,0,0
108.41784168340595,15,1.1782491793894603,1,0,0
115.02787225810692,9,0.9477141902478765,0,1,0
155.7265933240096,20,0.7806472112267211,1,0,0
43.27576610984508,15,1.1274675420427676,1,2,0
85.04165387970026,13,1.2776054169927222,0,1,0
165.5934338659675,17,0.8559773321064054,1,0,0
26.890702170912668,13,0.9847553305610716,0,0,0
151.63300482904032,12,0.897183698392296,2,0,0
86.46144597939595,10,0.9429125124808725,2,0,0
152.76863764449644,9,1.0069139457669487,0,1,0
21.592729729166713,15,0.8137287320828247,1,2,0
78.40738524132331,17,0.9583519493099069,1,1,0
32.58080594650238,15,0.7801048920426419,4,0,0
124.41833221386216,11,0.9147658543087783,1,1,0
63.81585577592915,14,0.8220895519020269,0,0,0
132.4243313055658,13,0.8411408950809783,2,1,0
171.00822831073452,18,0.74201339790127,0,2,0
40.290736361799645,11,1.182903188309895,0,1,0
158.36452726412386,9,1.0763588627109328,1,0,0
29.514264256054155,17,0.7123803934815258,1,1,0
80.92328132974231,17,0.9104758608928186,2,0,1
88.76384978857226,7,0.8994342100145389,1,0,0
98.21592749335429,9,0.8963583807747104,2,0,0
176.23397150976712,14,0.7829674731165275,1,0,0
144.11059009629253,16,1.1131578582052684,1,0,0
69.41717803508176,14,0.9406204321738002,0,0,0
63.17388568012802,9,1.0702223364234271,0,0,0
158.09923267029086,8,1.079013364774964,1,0,0
161.00914763803038,13,1.206316796750633,1,1,0
101.71304088698324,16,0.7277691583385285,1,0,0
75.08731695397204,10,1.2607903167137433,0,0,0
179.18677570574684,8,1.1903222910836846,0,1,0
70.55096725883203,13,1.085959898850326,2,1,0
49.233980628249995,9,1.3575388343851174,1,0,0
160.81569940865114,7,1.0307467896890847,1,1,0
149.97366369780065,16,1.1232218374105327,0,0,0
126.8623048914162,16,0.8892379028098061,1,1,0
173.3461810844723,12,1.1701536111927742,0,1,0
168.114332354307,10,1.0251738954583622,0,0,0
139.71976052828066,10,0.932319978271593,1,0,0
157.71222552762845,11,1.3175408797473813,2,0,0
59.5434784515372,14,0.9542800503188752,1,0,0
42.59944910416506,13,1.0013291991412776,1,0,0
127.20989589038976,11,0.9704080064010807,0,0,0
134.33896586476044,14,0.8866493630145278,0,0,0
46.72846860516355,15,1.0796908600795643,2,0,0
83.28916369678015,13,1.1107614405599096,1,0,0
165.64092259456876,11,1.0531558791608089,0,1,0
109.82412280803567,14,0.6459132607832597,0,1,0
112.53374638820362,14,1.1511995505134627,1,0,0
51.06076366252697,11,0.9474642475265359,1,0,0
104.16355977886002,11,0.8175514882166041,0,1,0
103.74955638318718,13,1.0904921438576463,0,0,0
34.22970243940352,14,1.0844274130560794,0,1,0
177.110830900273,14,0.8435389446577995,1,1,0
111.4232960729239,11,1.3708653518248848,0,1,0
21.025421226289627,13,0.8185560175936525,0,0,0
143.62387219606217,22,0.7400495943423316,0,1,0
176.52251421442332,12,0.8268742860552525,1,1,0
114.37920453135207,17,1.2131199764335094,0,0,0
71.1490618052264,8,0.9736214911444726,0,1,0
50.001234516445585,17,0.9441914968227713,1,0,0
127.60426142669908,19,0.9906763418300009,3,0,1
51.217183753088804,10,0.9105079138125542,1,0,0
112.43006280285748,2,0.8964604880009394,2,1,0
116.35826822074011,13,0.9038176759291842,1,0,0
173.98769489990096,9,1.1061933285201133,0,0,0
31.562442484780284,20,1.1530683828507486,1,0,0
99.99565178537895,17,0.8417361157025834,1,0,0
139.05559668522372,20,1.0358841957607587,1,1,0
48.35627847594541,14,1.118231086187363,0,0,0
82.09067708552308,13,0.8377372075740827,1,2,0
30.063279752795413,17,0.9246150111974206,1,0,0
136.14093820412427,14,0.8442903756533813,1,0,0
34.04286188151788,10,0.8063457185474145,1,1,0
83.21467333727482,18,1.0152794303185002,1,1,0
159.76362097931715,12,0.8895801443004813,2,1,0
95.56805388000184,16,1.094669363371682,1,0,0
166.01950938254168,13,0.9955867116077045,0,0,0
142.5467388382196,9,1.0618941032807492,1,1,0
166.45183361788253,10,0.9561575631070193,0,0,1
40.38448144782501,14,0.9047503926116465,1,0,0
31.770064852901125,9,0.9863990297339829,3,0,0
31.25220057107489,3,0.9992505804585107,2,1,0
159.0166870955711,12,0.894121675822507,0,0,0
121.45119669559092,16,1.0639893182665248,1,1,0
99.45147100781648,14,1.1119892283964703,0,1,0
46.16694659143684,11,1.023712405799639,1,1,0
127.79735003636378,15,1.257023633275234,1,0,0
70.88278205532768,13,0.9051491485523926,1,0,0
133.74077812255118,23,1.0780894627301654,0,0,0
93.65685261877196,16,0.9386897799206408,1,1,0
101.19517768712434,16,1.0351944255512888,0,0,0
146.34651719357925,10,0.8755075990626873,0,1,0
34.83927608374092,9,1.167268506604715,0,2,0
112.6013605317604,9,1.0264031358635886,0,0,0
51.55759156733897,12,1.178836674935975,0,0,0
149.3018802901709,13,0.8100856634764364,0,0,0
98.2153657806816,9,0.9259727186198838,0,0,0
178.19125333885114,16,0.8661151299582893,0,0,0
49.27093194811499,17,0.9202087202062749,0,0,0
174.08306241988276,11,0.8961085454221264,0,0,0
148.14672585737745,13,0.9819188598569061,0,1,0
97.00167945204298,14,0.9974129284408236,1,1,0
150.16545026874167,15,0.9938522702955156,0,1,0
116.45582483857862,9,0.9166714189732259,1,0,0
124.81937023862085,10,1.0281137766833002,0,1,0
166.19052203318222,15,1.1313423243296352,2,0,0
30.443266625806622,13,0.8646586651016616,0,0,0
153.5981126333441,18,1.0001332937502883,1,0,0
81.0903647945982,12,0.9888893666236177,0,0,0
72.08729857611272,12,1.0702531951335643,0,0,0
179.04428339359748,11,0.9904212122839353,1,0,0
144.9904803322205,10,0.9976502794607491,0,0,0
97.68562220473405,14,0.8513356326657803,1,0,0
87.620543427965,10,1.003255575858946,1,0,0
160.40462493948738,17,0.8617173266051336,1,0,0
33.89037955438306,10,1.0773556372246118,0,0,0
133.34700110621856,15,0.9845171598570218,0,1,0
146.26473979282338,13,1.0059787626421997,1,0,0
147.87142075457837,14,0.8663214449364559,1,1,1
71.56587595837308,17,1.1205636369912533,1,0,0
147.46226923936874,9,1.1038470863398262,1,0,0
56.05255070010642,9,1.1292285893574712,0,0,0
77.96927207753106,8,1.3341079121369763,0,0,0
86.79169795270077,8,0.9921220926560389,3,0,0
106.62559738082633,13,1.1805104253711711,0,1,0
38.01818648648915,9,0.9814258290364117,3,0,0
85.11164810228898,16,1.0591130943760447,1,1,0
20.048110417107665,5,1.0548006141419404,2,0,0
139.10091621558385,11,1.0396887645037711,1,0,0
156.3001459574811,12,1.098738426778057,0,0,0
42.22906865923161,10,0.9544095429491131,1,0,0
132.60572308268763,11,1.0061398422372214,3,1,0
151.3764941431422,10,1.0802964471012717,0,0,0
177.092531659487,10,1.2621780850057736,1,0,0
155.00648997899629,18,0.8736464996526383,3,0,0
87.85703767104206,12,0.729080106942563,2,0,1
176.75019336154503,11,0.9273871763278452,4,0,0
175.83750477637682,14,1.0134892649471179,0,0,0
100.58831667209263,14,1.0262465639805536,2,0,0
140.55144617342484,14,1.01383266786801,2,0,0
166.21402682770605,8,1.1774185184018173,1,0,0
96.18353151500048,14,1.146407468917582,3,0,0
158.20579857553358,15,0.9926098142573057,3,2,1
132.25097056989966,16,0.929567931587172,0,1,0
67.02788095592922,14,0.9480986677926241,1,1,0
142.82436319735578,9,0.9465543770526103,2,0,0
111.30956573751986,8,0.9661600789257793,2,1,0
35.015224549329,11,0.7641024157685508,1,0,0
82.62086820874627,18,0.9308438884536065,0,0,0
31.798562143648947,12,0.9362679968056051,0,0,0
96.1867141147193,17,0.9716679421453059,1,0,0
88.56633730286781,12,0.9618549981369815,0,0,0
87.79799087527158,16,1.1008010712441305,2,0,0
113.8080565745255,13,0.9202084966055513,1,2,1
39.63050562817175,15,0.9342133447853677,1,0,0
169.40302559309484,11,1.0812908132002061,0,0,0
129.44807169200527,17,0.9647027729883652,2,0,0
151.80501734284346,10,1.0324682090268513,0,0,0
