direction,rank,block,term,coefficient,flag
toward scam,1,words,pay,2.358967963503845,
toward scam,2,words,it,2.2306168197125644,
toward scam,3,words,now,1.4137102380746271,
toward scam,4,words,send,1.3019733478942643,
toward scam,5,chars, pa,1.288028922635021,
toward scam,6,chars,pay ,1.2238064501772004,
toward scam,7,chars,pay,1.2100140222717608,
toward scam,8,chars, it,1.1834101599090299,
toward scam,9,chars, pay ,1.177752407738241,
toward scam,10,chars, pay,1.1639601491966904,
toward scam,11,chars,t. ,1.1595595445555662,
toward scam,12,words,transfer,1.1463553077551287,
toward scam,13,chars, i ,1.089151437269744,
toward scam,14,words,are,1.0757673514121273,
toward scam,15,words,money,1.0631217262476864,
toward scam,16,words,<link>,1.030862607091166,marker
toward scam,17,words,hours,1.0040270377240532,
toward scam,18,words,<number> hours,1.0040270377240532,marker
toward scam,19,chars, co,0.9971908429974582,
toward scam,20,words,new,0.9522744066119382,
toward scam,21,words,ll,0.9154281232559828,
toward scam,22,words,cards,0.8954152175431419,
toward scam,23,chars, ac,0.8772011857986792,
toward scam,24,words,your card,0.8725004082545794,
toward scam,25,words,<phone>,0.870346586608744,marker
toward scam,26,words,could,0.866205718842138,
toward scam,27,words,need,0.855568258655763,
toward scam,28,chars,our,0.8468035316262874,
toward scam,29,words,account,0.8428206102483595,
toward scam,30,chars,cou,0.819940144997692,
toward scam,31,chars,eed,0.8168452493341929,
toward scam,32,chars, it.,0.8122129047638712,
toward scam,33,chars,it. ,0.8122129047638712,
toward scam,34,chars,it.,0.8122129047638712,
toward scam,35,chars, it. ,0.8122129047638712,
toward scam,36,words,within <number>,0.8083123961278812,marker
toward scam,37,words,within,0.8083123961278812,
toward scam,38,chars, ve,0.79719411102747,
toward scam,39,words,details to,0.7961280880645591,greeting or sign-off
toward scam,40,words,card details,0.7961280880645591,greeting or sign-off
toward scam,41,words,at <link>,0.7952371086392368,marker
toward scam,42,words,open,0.790064400538473,
toward scam,43,chars,ls ,0.7785135778617951,
toward scam,44,words,and,0.7747864584607734,
toward scam,45,chars,con,0.7715009253225166,
toward scam,46,words,verification,0.770601313439096,
toward scam,47,chars, acc,0.7683356058927128,
toward scam,48,words,paisa,0.7673831966534415,
toward scam,49,words,approve,0.7650651011155238,
toward scam,50,chars,art,0.7563016366321265,
toward honest,1,words,<number>,-1.9555672094796348,marker
toward honest,2,words,details <link>,-1.93213523898806,marker
toward honest,3,words,has been,-1.6864107278932903,
toward honest,4,words,can,-1.6640944842906025,
toward honest,5,words,this,-1.6466436466255796,
toward honest,6,words,has,-1.608548252490231,
toward honest,7,words,can you,-1.5855450388303496,
toward honest,8,words,off,-1.5406385502500002,
toward honest,9,words,at,-1.5320481351375461,
toward honest,10,words,through the,-1.4737346234919328,
toward honest,11,words,water,-1.3502345561018763,
toward honest,12,words,sunday,-1.3246735019023212,
toward honest,13,words,order,-1.3239557927149388,
toward honest,14,words,through,-1.2977068536196517,
toward honest,15,words,you can,-1.2740856237795972,
toward honest,16,words,moved to,-1.262084087899997,
toward honest,17,words,moved,-1.262084087899997,
toward honest,18,words,never,-1.199384325764937,
toward honest,19,words,thursday,-1.1899714492578708,
toward honest,20,words,portal,-1.1807393359290097,
toward honest,21,words,tomorrow,-1.165854794306867,
toward honest,22,words,ref,-1.1616411439784442,
toward honest,23,words,ref <number>,-1.1616411439784442,marker
toward honest,24,words,read the,-1.1325718056282532,
toward honest,25,words,pinned,-1.1325718056282532,
toward honest,26,words,the pinned,-1.1325718056282532,
toward honest,27,words,please read,-1.1325718056282532,
toward honest,28,words,read,-1.1325718056282532,
toward honest,29,words,pinned rules,-1.1200984734500197,
toward honest,30,words,rules,-1.1200984734500197,
toward honest,31,words,meeting,-1.1152334105244615,
toward honest,32,words,been,-1.1140900709065227,
toward honest,33,chars,um ,-1.0802423030982569,
toward honest,34,words,use <number>,-1.076028394366478,marker
toward honest,35,words,application,-1.0739913404763273,
toward honest,36,words,in the,-1.050603473062238,
toward honest,37,words,from our,-1.0473353249808512,
toward honest,38,words,booking,-1.0265510318165858,
toward honest,39,words,off tomorrow,-1.0189661936590682,
toward honest,40,words,water off,-1.0189661936590682,
toward honest,41,chars,num ,-1.0155660312826587,
toward honest,42,chars,his,-1.0128093518976198,
toward honest,43,words,from,-1.0104522709148416,
toward honest,44,words,tomorrow morning,-1.0041375740043417,
toward honest,45,words,share this,-1.0017724225733424,
toward honest,46,words,never share,-1.0017724225733424,
toward honest,47,words,this code,-1.0017724225733424,
toward honest,48,words,your payment,-1.0017724225733424,
toward honest,49,words,<amount> never,-1.0017724225733424,marker
toward honest,50,chars,zzn,-0.9991186206465816,
