model,pushed,n,caught_caution
current (300 tidy normal rows),amount_ratio,124,1.0
current (300 tidy normal rows),contact_freq_24h,119,1.0
current (300 tidy normal rows),duration_sec,148,0.5337837837837838
current (300 tidy normal rows),hour_of_day,139,0.0
current (300 tidy normal rows),new_channel_flag,119,0.0
current (300 tidy normal rows),urgency_score,143,1.0
current (300 tidy normal rows),amount_ratio+contact_freq_24h,27,1.0
current (300 tidy normal rows),amount_ratio+duration_sec,45,1.0
current (300 tidy normal rows),amount_ratio+hour_of_day,53,1.0
current (300 tidy normal rows),amount_ratio+new_channel_flag,46,1.0
current (300 tidy normal rows),amount_ratio+urgency_score,38,1.0
current (300 tidy normal rows),contact_freq_24h+duration_sec,48,1.0
current (300 tidy normal rows),contact_freq_24h+hour_of_day,50,1.0
current (300 tidy normal rows),contact_freq_24h+new_channel_flag,46,1.0
current (300 tidy normal rows),contact_freq_24h+urgency_score,28,1.0
current (300 tidy normal rows),duration_sec+hour_of_day,41,0.4634146341463415
current (300 tidy normal rows),duration_sec+new_channel_flag,46,0.43478260869565216
current (300 tidy normal rows),duration_sec+urgency_score,42,1.0
current (300 tidy normal rows),hour_of_day+new_channel_flag,50,0.0
current (300 tidy normal rows),hour_of_day+urgency_score,47,1.0
current (300 tidy normal rows),new_channel_flag+urgency_score,38,1.0
current (300 tidy normal rows),amount_ratio+contact_freq_24h+duration_sec,33,1.0
current (300 tidy normal rows),amount_ratio+contact_freq_24h+hour_of_day,20,1.0
current (300 tidy normal rows),amount_ratio+contact_freq_24h+new_channel_flag,26,1.0
current (300 tidy normal rows),amount_ratio+contact_freq_24h+urgency_score,29,1.0
current (300 tidy normal rows),amount_ratio+duration_sec+hour_of_day,34,1.0
current (300 tidy normal rows),amount_ratio+duration_sec+new_channel_flag,33,1.0
current (300 tidy normal rows),amount_ratio+duration_sec+urgency_score,30,1.0
current (300 tidy normal rows),amount_ratio+hour_of_day+new_channel_flag,41,1.0
current (300 tidy normal rows),amount_ratio+hour_of_day+urgency_score,25,1.0
current (300 tidy normal rows),contact_freq_24h+duration_sec+hour_of_day,24,1.0
current (300 tidy normal rows),contact_freq_24h+duration_sec+new_channel_flag,31,1.0
current (300 tidy normal rows),contact_freq_24h+duration_sec+urgency_score,35,1.0
current (300 tidy normal rows),contact_freq_24h+hour_of_day+new_channel_flag,24,1.0
current (300 tidy normal rows),contact_freq_24h+hour_of_day+urgency_score,31,1.0
current (300 tidy normal rows),contact_freq_24h+new_channel_flag+urgency_score,27,1.0
current (300 tidy normal rows),duration_sec+hour_of_day+new_channel_flag,25,0.52
current (300 tidy normal rows),duration_sec+hour_of_day+urgency_score,21,1.0
current (300 tidy normal rows),duration_sec+new_channel_flag+urgency_score,23,1.0
current (300 tidy normal rows),hour_of_day+new_channel_flag+urgency_score,33,1.0
"candidate (20,000 rows incl. odd cases)",amount_ratio,124,1.0
"candidate (20,000 rows incl. odd cases)",contact_freq_24h,119,1.0
"candidate (20,000 rows incl. odd cases)",duration_sec,148,0.5337837837837838
"candidate (20,000 rows incl. odd cases)",hour_of_day,139,0.0
"candidate (20,000 rows incl. odd cases)",new_channel_flag,119,0.0
"candidate (20,000 rows incl. odd cases)",urgency_score,143,1.0
"candidate (20,000 rows incl. odd cases)",amount_ratio+contact_freq_24h,27,1.0
"candidate (20,000 rows incl. odd cases)",amount_ratio+duration_sec,45,1.0
"candidate (20,000 rows incl. odd cases)",amount_ratio+hour_of_day,53,1.0
"candidate (20,000 rows incl. odd cases)",amount_ratio+new_channel_flag,46,1.0
"candidate (20,000 rows incl. odd cases)",amount_ratio+urgency_score,38,1.0
"candidate (20,000 rows incl. odd cases)",contact_freq_24h+duration_sec,48,1.0
"candidate (20,000 rows incl. odd cases)",contact_freq_24h+hour_of_day,50,1.0
"candidate (20,000 rows incl. odd cases)",contact_freq_24h+new_channel_flag,46,1.0
"candidate (20,000 rows incl. odd cases)",contact_freq_24h+urgency_score,28,1.0
"candidate (20,000 rows incl. odd cases)",duration_sec+hour_of_day,41,0.4634146341463415
"candidate (20,000 rows incl. odd cases)",duration_sec+new_channel_flag,46,0.43478260869565216
"candidate (20,000 rows incl. odd cases)",duration_sec+urgency_score,42,1.0
"candidate (20,000 rows incl. odd cases)",hour_of_day+new_channel_flag,50,0.44
"candidate (20,000 rows incl. odd cases)",hour_of_day+urgency_score,47,1.0
"candidate (20,000 rows incl. odd cases)",new_channel_flag+urgency_score,38,1.0
"candidate (20,000 rows incl. odd cases)",amount_ratio+contact_freq_24h+duration_sec,33,1.0
"candidate (20,000 rows incl. odd cases)",amount_ratio+contact_freq_24h+hour_of_day,20,1.0
"candidate (20,000 rows incl. odd cases)",amount_ratio+contact_freq_24h+new_channel_flag,26,1.0
"candidate (20,000 rows incl. odd cases)",amount_ratio+contact_freq_24h+urgency_score,29,1.0
"candidate (20,000 rows incl. odd cases)",amount_ratio+duration_sec+hour_of_day,34,1.0
"candidate (20,000 rows incl. odd cases)",amount_ratio+duration_sec+new_channel_flag,33,1.0
"candidate (20,000 rows incl. odd cases)",amount_ratio+duration_sec+urgency_score,30,1.0
"candidate (20,000 rows incl. odd cases)",amount_ratio+hour_of_day+new_channel_flag,41,1.0
"candidate (20,000 rows incl. odd cases)",amount_ratio+hour_of_day+urgency_score,25,1.0
"candidate (20,000 rows incl. odd cases)",contact_freq_24h+duration_sec+hour_of_day,24,1.0
"candidate (20,000 rows incl. odd cases)",contact_freq_24h+duration_sec+new_channel_flag,31,1.0
"candidate (20,000 rows incl. odd cases)",contact_freq_24h+duration_sec+urgency_score,35,1.0
"candidate (20,000 rows incl. odd cases)",contact_freq_24h+hour_of_day+new_channel_flag,24,1.0
"candidate (20,000 rows incl. odd cases)",contact_freq_24h+hour_of_day+urgency_score,31,1.0
"candidate (20,000 rows incl. odd cases)",contact_freq_24h+new_channel_flag+urgency_score,27,1.0
"candidate (20,000 rows incl. odd cases)",duration_sec+hour_of_day+new_channel_flag,25,0.92
"candidate (20,000 rows incl. odd cases)",duration_sec+hour_of_day+urgency_score,21,1.0
"candidate (20,000 rows incl. odd cases)",duration_sec+new_channel_flag+urgency_score,23,1.0
"candidate (20,000 rows incl. odd cases)",hour_of_day+new_channel_flag+urgency_score,33,1.0
