duration_sec,hour_of_day,amount_ratio,contact_freq_24h,urgency_score,new_channel_flag,pushed_features
118.01518857119214,10,0.9630857238631991,1,8,0,urgency_score
22.512074851253043,11,1.0071156198833606,2,8,0,urgency_score
50.03033230110874,18,0.974106600478014,1,0,1,new_channel_flag
157.26241032657998,3,4.16535467945841,0,0,0,amount_ratio+hour_of_day
32.19178148285028,9,5.978390298994553,0,0,1,amount_ratio+new_channel_flag
1083.735583736555,2,0.7173204815910798,0,0,0,duration_sec+hour_of_day
120.81615989969067,1,0.8736175042269259,1,0,0,hour_of_day
35.76994136335589,16,1.0742010321900508,0,6,0,urgency_score
44.35270472164795,8,8.348739644641203,2,6,0,amount_ratio+urgency_score
48.839201186033435,17,1.278482980696828,25,0,0,contact_freq_24h
0.5793280623538516,11,7.678019806318243,0,0,0,amount_ratio+duration_sec
177.45871673583292,11,7.17153557956013,28,2,0,amount_ratio+contact_freq_24h
142.42451378895032,8,7.8479690148362495,1,0,0,amount_ratio
60.55486635848759,2,0.8687614703479928,20,1,0,contact_freq_24h+hour_of_day
98.49935740631983,21,0.9788968391558959,2,1,1,new_channel_flag
