id,category,novelty,language,evasion_type,channel,fused,wording,flags,anomaly,text,engine_explanation
m00902,digital arrest,unseen,en,none,instagram,0.037,0.0,0.0,0.037,"Hello, Officer from the central investigation bureau speaking. Your ID is linked to money laundering. Do not disconnect the video call.","Combined score 0.04; driven by 'anomaly' (score 0.04): Insufficient data to assess (call duration unknown, time of day unknown, amount unknown, contact frequency unknown, channel history unknown)"
m00906,digital arrest,unseen,en,emoji_padding,messenger,0.037,0.0,0.0,0.037,"Hey, Officer from the central investigation bureau speaking. Your ID is linked to money laundering. 👍 Do not disconnect the video call. ❤️ Regards.","Combined score 0.04; driven by 'anomaly' (score 0.04): Insufficient data to assess (call duration unknown, time of day unknown, amount unknown, contact frequency unknown, channel history unknown)"
m00967,digital arrest,unseen,en,none,whatsapp,0.037,0.0,0.0,0.037,"Hello, Customs enforcement speaking. A parcel with drugs was booked in your name. Keep your camera on for verification. Thanks.","Combined score 0.04; driven by 'anomaly' (score 0.04): Insufficient data to assess (call duration unknown, time of day unknown, amount unknown, contact frequency unknown, channel history unknown)"
m00968,digital arrest,unseen,en,none,whatsapp,0.037,0.0,0.0,0.037,Central investigation bureau speaking. A parcel with drugs was booked in your name. Stay on the video call.,"Combined score 0.04; driven by 'anomaly' (score 0.04): Insufficient data to assess (call duration unknown, time of day unknown, amount unknown, contact frequency unknown, channel history unknown)"
m00970,digital arrest,unseen,en,none,email,0.037,0.0,0.0,0.037,"Subject: Dear user, Cyber crime police

Dear user, Cyber crime police speaking. Your number was used in a fraud case. Keep your camera on for verification. Regards.","Combined score 0.04; driven by 'anomaly' (score 0.04): Insufficient data to assess (call duration unknown, time of day unknown, amount unknown, contact frequency unknown, channel history unknown)"
m01026,e-challan or traffic fine,unseen,en,none,whatsapp,0.037,0.0,0.0,0.037,Traffic police: Red light violation detected. Fine: Rs 149. help-refund.invalid/vfwc9x Sent from my phone,"Combined score 0.04; driven by 'anomaly' (score 0.04): Insufficient data to assess (call duration unknown, time of day unknown, amount unknown, contact frequency unknown, channel history unknown)"
m01031,e-challan or traffic fine,unseen,en,none,email,0.037,0.0,0.0,0.037,"Subject: No-helmet violation logged. Fine: Rs

No-helmet violation logged. Fine: Rs. 12,000. Pay at login-service.invalid/wwmzzk Sent from my phone","Combined score 0.04; driven by 'anomaly' (score 0.04): Insufficient data to assess (call duration unknown, time of day unknown, amount unknown, contact frequency unknown, channel history unknown)"
m01032,e-challan or traffic fine,unseen,en,none,instagram,0.037,0.0,0.0,0.037,"Hi, Red light violation detected. Penalty of €99 due. Pay at https://update-portal.example.com/zu2cs6 Thanks.","Combined score 0.04; driven by 'anomaly' (score 0.04): Insufficient data to assess (call duration unknown, time of day unknown, amount unknown, contact frequency unknown, channel history unknown)"
m01033,e-challan or traffic fine,unseen,en,none,sms,0.037,0.0,0.0,0.037,"Hello, No-helmet violation logged. Fine: Rs. 250. Pay at http://claim11.test/app Regards.","Combined score 0.04; driven by 'anomaly' (score 0.04): Insufficient data to assess (call duration unknown, time of day unknown, amount unknown, contact frequency unknown, channel history unknown)"
m01036,e-challan or traffic fine,unseen,en,none,sms,0.037,0.0,0.0,0.037,"Dear user, Red light violation detected. Fine: €12,000. Pay at https://sh.example/h6n2hr Cheers.","Combined score 0.04; driven by 'anomaly' (score 0.04): Insufficient data to assess (call duration unknown, time of day unknown, amount unknown, contact frequency unknown, channel history unknown)"
m01037,e-challan or traffic fine,unseen,en,emoji_padding,whatsapp,0.037,0.0,0.0,0.037,"Red light violation detected. 😊 Penalty of $2,500 due. Pay at https://verify-orders.example.com/883ux4 ⚠️ Regards.","Combined score 0.04; driven by 'anomaly' (score 0.04): Insufficient data to assess (call duration unknown, time of day unknown, amount unknown, contact frequency unknown, channel history unknown)"
m01039,e-challan or traffic fine,unseen,en,spacing,instagram,0.037,0.0,0.0,0.037,Red light v i o l a t i o n detected. Fine: £149. Pay at http://login27.test/s e c u r e,"Combined score 0.04; driven by 'anomaly' (score 0.04): Insufficient data to assess (call duration unknown, time of day unknown, amount unknown, contact frequency unknown, channel history unknown)"
m01051,QR code scam,unseen,en,none,sms,0.037,0.0,0.0,0.037,"Hello, New parking payment system: scan the QR sticker on the meter to pay. Old method no longer works. Regards.","Combined score 0.04; driven by 'anomaly' (score 0.04): Insufficient data to assess (call duration unknown, time of day unknown, amount unknown, contact frequency unknown, channel history unknown)"
m01052,QR code scam,unseen,en,none,whatsapp,0.037,0.0,0.0,0.037,"Hello, New parking payment system: scan the QR sticker on the meter to pay. Old method no longer works. Cheers.","Combined score 0.04; driven by 'anomaly' (score 0.04): Insufficient data to assess (call duration unknown, time of day unknown, amount unknown, contact frequency unknown, channel history unknown)"
m01053,QR code scam,unseen,en,none,sms,0.037,0.0,0.0,0.037,New parking payment system: scan the QR sticker on the meter to pay. Old method no longer works.,"Combined score 0.04; driven by 'anomaly' (score 0.04): Insufficient data to assess (call duration unknown, time of day unknown, amount unknown, contact frequency unknown, channel history unknown)"
m01055,QR code scam,unseen,en,none,whatsapp,0.037,0.0,0.0,0.037,"Dear user, New parking payment system: scan the QR sticker on the meter to pay. Old method no longer works.","Combined score 0.04; driven by 'anomaly' (score 0.04): Insufficient data to assess (call duration unknown, time of day unknown, amount unknown, contact frequency unknown, channel history unknown)"
m01076,QR code scam,unseen,en,obfuscated_link,sms,0.037,0.0,0.0,0.037,"Hello, Restaurant review reward: scan this code and enter your UPI PIN to get your $250 voucher. Regards.","Combined score 0.04; driven by 'anomaly' (score 0.04): Insufficient data to assess (call duration unknown, time of day unknown, amount unknown, contact frequency unknown, channel history unknown)"
m01077,QR code scam,unseen,en,none,whatsapp,0.037,0.0,0.0,0.037,"Hello, Restaurant review reward: scan this code and enter your UPI PIN to get your $999 voucher. Thanks.","Combined score 0.04; driven by 'anomaly' (score 0.04): Insufficient data to assess (call duration unknown, time of day unknown, amount unknown, contact frequency unknown, channel history unknown)"
m01091,QR code scam,unseen,en,none,email,0.037,0.0,0.0,0.037,"Subject: I'm buying your item from

I'm buying your item from the listing. Use the QR below and approve the request to receive Rs. 149.","Combined score 0.04; driven by 'anomaly' (score 0.04): Insufficient data to assess (call duration unknown, time of day unknown, amount unknown, contact frequency unknown, channel history unknown)"
m01136,task or like-and-earn scam,unseen,en,none,whatsapp,0.037,0.0,0.0,0.037,"Hi, We need people to boost app ratings. Daily payment, no experience. Prepaid task bundles required for VIP level.","Combined score 0.04; driven by 'anomaly' (score 0.04): Insufficient data to assess (call duration unknown, time of day unknown, amount unknown, contact frequency unknown, channel history unknown)"
m01137,task or like-and-earn scam,unseen,en,none,email,0.037,0.0,0.0,0.037,"Subject: Hey, We need people to

Hey, We need people to boost app ratings. Daily payment, no experience. Prepaid task bundles required for VIP level.","Combined score 0.04; driven by 'anomaly' (score 0.04): Insufficient data to assess (call duration unknown, time of day unknown, amount unknown, contact frequency unknown, channel history unknown)"
m01138,task or like-and-earn scam,unseen,en,none,whatsapp,0.037,0.0,0.0,0.037,"Dear user, We need people to boost app ratings. Daily payment, no experience. Prepaid task bundles required for VIP level.","Combined score 0.04; driven by 'anomaly' (score 0.04): Insufficient data to assess (call duration unknown, time of day unknown, amount unknown, contact frequency unknown, channel history unknown)"
m01140,task or like-and-earn scam,unseen,en,none,sms,0.037,0.0,0.0,0.037,"Dear user, We need people to boost app ratings. Daily payment, no experience. Prepaid task bundles required for VIP level. Cheers.","Combined score 0.04; driven by 'anomaly' (score 0.04): Insufficient data to assess (call duration unknown, time of day unknown, amount unknown, contact frequency unknown, channel history unknown)"
m01223,instant-loan app harassment,unseen,hinglish,none,sms,0.037,0.0,0.0,0.037,"Turant loan paayein, koi document nahi! App install karke contacts allow karein: http://parcel55.test/reward Regards.","Combined score 0.04; driven by 'anomaly' (score 0.04): Insufficient data to assess (call duration unknown, time of day unknown, amount unknown, contact frequency unknown, channel history unknown)"
m01224,instant-loan app harassment,unseen,hinglish,obfuscated_link,email,0.037,0.0,0.0,0.037,"Turant loan paayein, koi document nahi! App install karke contacts allow karein: [LINK] Regards.","Combined score 0.04; driven by 'anomaly' (score 0.04): Insufficient data to assess (call duration unknown, time of day unknown, amount unknown, contact frequency unknown, channel history unknown)"
